/habitantes/aventureros/tarlan/index.{html} /habitantes/aventureros/tarlan/
/habitantes/enemigos/zumbral/index.{html} /habitantes/enemigos/zumbral/
/levaryck/civilizaciones/ciudades/grandes-acantilados/index.{html} /levaryck/civilizaciones/ciudades/grandes-acantilados/
/levaryck/civilizaciones/reinos/evora/index.{html} /levaryck/civilizaciones/reinos/evora/
/levaryck/civilizaciones/reinos/reinos-index/index.{html} /levaryck/civilizaciones/reinos/reinos-index/
/lore-profundo/multiverso/multiverso-index/index.{html} /lore-profundo/multiverso/multiverso-index/
/habitantes/aventureros/aladia/index.{html} /habitantes/aventureros/aladia/
/habitantes/aventureros/osarios/duma/index.{html} /habitantes/aventureros/osarios/duma/
/habitantes/tratantes-efimeros/index.{html} /habitantes/tratantes-efimeros/
/levaryck/civilizaciones/ciudades/islas-de-piedra/index.{html} /levaryck/civilizaciones/ciudades/islas-de-piedra/
/levaryck/civilizaciones/reinos/glorius/glorius-index/index.{html} /levaryck/civilizaciones/reinos/glorius/glorius-index/
/levaryck/civilizaciones/reinos/traseiro/sircoza/index.{html} /levaryck/civilizaciones/reinos/traseiro/sircoza/
/divinidades/dioses/la-alta-tormenta/index.{html} /divinidades/dioses/la-alta-tormenta/
/habitantes/aventureros/calix/index.{html} /habitantes/aventureros/calix/
/habitantes/titanes/index.{html} /habitantes/titanes/
/levaryck/levaryck-index/index.{html} /levaryck/levaryck-index/
/levaryck/ruinas/templo-a-la-tarrasca/index.{html} /levaryck/ruinas/templo-a-la-tarrasca/
/divinidades/dioses/kamuy/index.{html} /divinidades/dioses/kamuy/
/divinidades/semidioses/las-doce-damas/index.{html} /divinidades/semidioses/las-doce-damas/
/habitantes/aventureros/aventureros-index/index.{html} /habitantes/aventureros/aventureros-index/
/habitantes/habitantes-index/index.{html} /habitantes/habitantes-index/
/lore-profundo/magia/merlinton-johns/index.{html} /lore-profundo/magia/merlinton-johns/
/lore-profundo/multiverso/mundo-sin-umbral/index.{html} /lore-profundo/multiverso/mundo-sin-umbral/
/divinidades/bestias-divinas/auro/index.{html} /divinidades/bestias-divinas/auro/
/habitantes/aventureros/daphne/index.{html} /habitantes/aventureros/daphne/
/habitantes/aventureros/destinos/lambert/index.{html} /habitantes/aventureros/destinos/lambert/
/habitantes/aventureros/destinos/xuhao/index.{html} /habitantes/aventureros/destinos/xuhao/
/levaryck/civilizaciones/lugares-naturales/valaradis/index.{html} /levaryck/civilizaciones/lugares-naturales/valaradis/
/lore-profundo/guardianes-equilibrio/caniche-tindalos/index.{html} /lore-profundo/guardianes-equilibrio/caniche-tindalos/
/divinidades/dioses/madre-vendada/index.{html} /divinidades/dioses/madre-vendada/
/habitantes/enemigos/comparsa-locuente/index.{html} /habitantes/enemigos/comparsa-locuente/
/habitantes/enemigos/gorgonas/index.{html} /habitantes/enemigos/gorgonas/
/habitantes/enemigos/inquisicion/index.{html} /habitantes/enemigos/inquisicion/
/levaryck/civilizaciones/ciudades/lindes/index.{html} /levaryck/civilizaciones/ciudades/lindes/
/habitantes/maestros/barbariccia/index.{html} /habitantes/maestros/barbariccia/
/habitantes/maestros/jebedaya/index.{html} /habitantes/maestros/jebedaya/
/habitantes/otros-habitantes/scarlet/index.{html} /habitantes/otros-habitantes/scarlet/
/levaryck/civilizaciones/ciudades/billalmedio/index.{html} /levaryck/civilizaciones/ciudades/billalmedio/
/divinidades/demonios/balaam/index.{html} /divinidades/demonios/balaam/
/divinidades/demonios/demonios-index/index.{html} /divinidades/demonios/demonios-index/
/divinidades/semidioses/ark-de-lionhart/index.{html} /divinidades/semidioses/ark-de-lionhart/
/habitantes/aventureros/destinos/campanilla/index.{html} /habitantes/aventureros/destinos/campanilla/
/habitantes/aventureros/osarios/balhir/index.{html} /habitantes/aventureros/osarios/balhir/
/habitantes/aventureros/tynna/index.{html} /habitantes/aventureros/tynna/
/habitantes/otros-habitantes/margaritta/index.{html} /habitantes/otros-habitantes/margaritta/
/levaryck/civilizaciones/valle-del-umbral/index.{html} /levaryck/civilizaciones/valle-del-umbral/
/levaryck/eventos/82-83/index.{html} /levaryck/eventos/82-83/
/levaryck/eventos/eventos-index/index.{html} /levaryck/eventos/eventos-index/
/habitantes/aventureros/destinos/destinos-index/index.{html} /habitantes/aventureros/destinos/destinos-index/
/levaryck/eventos/el-ultimo-veneno/index.{html} /levaryck/eventos/el-ultimo-veneno/
/levaryck/eventos/noche-de-nebula/index.{html} /levaryck/eventos/noche-de-nebula/
/levaryck/ruinas/antiguo-templo-a-la-dorada/index.{html} /levaryck/ruinas/antiguo-templo-a-la-dorada/
/habitantes/aventureros/hirt/index.{html} /habitantes/aventureros/hirt/
/habitantes/enemigos/depravacion/index.{html} /habitantes/enemigos/depravacion/
/levaryck/civilizaciones/ciudades/vulcanus/index.{html} /levaryck/civilizaciones/ciudades/vulcanus/
/levaryck/civilizaciones/reinos/sylaccia/index.{html} /levaryck/civilizaciones/reinos/sylaccia/
/levaryck/ruinas/la-torre-de-viridio/index.{html} /levaryck/ruinas/la-torre-de-viridio/
/divinidades/semidioses/lear-de-bellarose/index.{html} /divinidades/semidioses/lear-de-bellarose/
/habitantes/maestros/maestros-index/index.{html} /habitantes/maestros/maestros-index/
/levaryck/civilizaciones/reinos/glorius/solanza/index.{html} /levaryck/civilizaciones/reinos/glorius/solanza/
/lore-profundo/multiverso/nueva-orleans/index.{html} /lore-profundo/multiverso/nueva-orleans/
/divinidades/semidioses/storm-de-lightingbell/index.{html} /divinidades/semidioses/storm-de-lightingbell/
/divinidades/semidioses/yanadria-de-belfont/index.{html} /divinidades/semidioses/yanadria-de-belfont/
/habitantes/aventureros/destinos/izar/index.{html} /habitantes/aventureros/destinos/izar/
/levaryck/civilizaciones/ciudades/matias-el-elfo/index.{html} /levaryck/civilizaciones/ciudades/matias-el-elfo/
/levaryck/civilizaciones/ciudades/vidril/index.{html} /levaryck/civilizaciones/ciudades/vidril/
/levaryck/eventos/la-transgresi%C3%B3n-de-la-ceniza/index.{html} /levaryck/eventos/la-transgresi%C3%B3n-de-la-ceniza/
/lore-profundo/multiverso/Invells/index.{html} /lore-profundo/multiverso/Invells/
/habitantes/aventureros/osarios/dadiva/index.{html} /habitantes/aventureros/osarios/dadiva/
/habitantes/aventureros/osarios/feulel/index.{html} /habitantes/aventureros/osarios/feulel/
/habitantes/maestros/viridio/index.{html} /habitantes/maestros/viridio/
/habitantes/otros-habitantes/connor-escorpio/index.{html} /habitantes/otros-habitantes/connor-escorpio/
/levaryck/eventos/inestabilidad/index.{html} /levaryck/eventos/inestabilidad/
/lore-profundo/multiverso/roshar/index.{html} /lore-profundo/multiverso/roshar/
/divinidades/demonios/ancalagamenon/index.{html} /divinidades/demonios/ancalagamenon/
/divinidades/semidioses/nask-de-jade/index.{html} /divinidades/semidioses/nask-de-jade/
/habitantes/aventureros/renjiro/index.{html} /habitantes/aventureros/renjiro/
/habitantes/aventureros/ulume/index.{html} /habitantes/aventureros/ulume/
/habitantes/enemigos/devorador-ensue%C3%B1o/index.{html} /habitantes/enemigos/devorador-ensue%C3%B1o/
/levaryck/civilizaciones/lugares-naturales/lugares-naturales-index/index.{html} /levaryck/civilizaciones/lugares-naturales/lugares-naturales-index/
/habitantes/aventureros/osarios/axucory/index.{html} /habitantes/aventureros/osarios/axucory/
/levaryck/civilizaciones/ciudades/alta-ciudad/index.{html} /levaryck/civilizaciones/ciudades/alta-ciudad/
/levaryck/civilizaciones/ciudades/quelonia/index.{html} /levaryck/civilizaciones/ciudades/quelonia/
/levaryck/civilizaciones/reinos/traseiro/islas-zafiro/index.{html} /levaryck/civilizaciones/reinos/traseiro/islas-zafiro/
/lore-profundo/magia/desmond-magus/index.{html} /lore-profundo/magia/desmond-magus/
/habitantes/aventureros/destinos/alex/index.{html} /habitantes/aventureros/destinos/alex/
/habitantes/aventureros/shoutile/index.{html} /habitantes/aventureros/shoutile/
/levaryck/civilizaciones/ciudades/hoja-alta/index.{html} /levaryck/civilizaciones/ciudades/hoja-alta/
/levaryck/civilizaciones/reinos/glorius/paladines-de-solanza/index.{html} /levaryck/civilizaciones/reinos/glorius/paladines-de-solanza/
/lore-profundo/multiverso/Ygdrassil/index.{html} /lore-profundo/multiverso/Ygdrassil/
/habitantes/enemigos/enemigos-index/index.{html} /habitantes/enemigos/enemigos-index/
/levaryck/construcciones/mskala/index.{html} /levaryck/construcciones/mskala/
/lore-profundo/multiverso/campamento-mestizo/index.{html} /lore-profundo/multiverso/campamento-mestizo/
/index.html /
/colaboracion/guia-estilo/index.{html} /colaboracion/guia-estilo/
/habitantes/aventureros/benresh/index.{html} /habitantes/aventureros/benresh/
/habitantes/maestros/talo/index.{html} /habitantes/maestros/talo/
/levaryck/civilizaciones/ciudades/alegandria/index.{html} /levaryck/civilizaciones/ciudades/alegandria/
/levaryck/civilizaciones/reinos/luna-roja/index.{html} /levaryck/civilizaciones/reinos/luna-roja/
/divinidades/dioses/abisales/index.{html} /divinidades/dioses/abisales/
/divinidades/semidioses/dalila-de-aseth/index.{html} /divinidades/semidioses/dalila-de-aseth/
/habitantes/aventureros/aramaias/index.{html} /habitantes/aventureros/aramaias/
/habitantes/aventureros/destinos/percival/index.{html} /habitantes/aventureros/destinos/percival/
/habitantes/maestros/el-viajero/index.{html} /habitantes/maestros/el-viajero/
/habitantes/otros-habitantes/galatea/index.{html} /habitantes/otros-habitantes/galatea/
/habitantes/aventureros/destinos/calendula/index.{html} /habitantes/aventureros/destinos/calendula/
/habitantes/aventureros/katar-ciberos/index.{html} /habitantes/aventureros/katar-ciberos/
/habitantes/aventureros/rodrigo/index.{html} /habitantes/aventureros/rodrigo/
/habitantes/maestros/silvea-zhen/index.{html} /habitantes/maestros/silvea-zhen/
/lore-profundo/multiverso/steamhood/index.{html} /lore-profundo/multiverso/steamhood/
/levaryck/civilizaciones/lugares-naturales/boca-de-xuzakcthun/index.{html} /levaryck/civilizaciones/lugares-naturales/boca-de-xuzakcthun/
/divinidades/semidioses/jabadel-dios/index.{html} /divinidades/semidioses/jabadel-dios/
/habitantes/aventureros/korvia/index.{html} /habitantes/aventureros/korvia/
/habitantes/aventureros/osarios/osarios-index/index.{html} /habitantes/aventureros/osarios/osarios-index/
/habitantes/enemigos/djinn/index.{html} /habitantes/enemigos/djinn/
/habitantes/maestros/anacardo/index.{html} /habitantes/maestros/anacardo/
/habitantes/otros-habitantes/coclea/index.{html} /habitantes/otros-habitantes/coclea/
/levaryck/civilizaciones/ciudades/dosreiro/index.{html} /levaryck/civilizaciones/ciudades/dosreiro/
/levaryck/civilizaciones/lugares-naturales/valle-de-corbeau/index.{html} /levaryck/civilizaciones/lugares-naturales/valle-de-corbeau/
/lore-profundo/multiverso/depravacion/index.{html} /lore-profundo/multiverso/depravacion/
/habitantes/aventureros/faerwenn/index.{html} /habitantes/aventureros/faerwenn/
/habitantes/aventureros/malva/index.{html} /habitantes/aventureros/malva/
/habitantes/aventureros/osarios/cristane/index.{html} /habitantes/aventureros/osarios/cristane/
/levaryck/civilizaciones/reinos/lanza-de-plata/index.{html} /levaryck/civilizaciones/reinos/lanza-de-plata/
/colaboracion/editar-archivo/index.{html} /colaboracion/editar-archivo/
/divinidades/demonios/rey-ratas/index.{html} /divinidades/demonios/rey-ratas/
/divinidades/dioses/doua-inimi/index.{html} /divinidades/dioses/doua-inimi/
/habitantes/aventureros/destinos/aurelia/index.{html} /habitantes/aventureros/destinos/aurelia/
/habitantes/enemigos/dimitri-strauss/index.{html} /habitantes/enemigos/dimitri-strauss/
/levaryck/civilizaciones/civilizaciones-index/index.{html} /levaryck/civilizaciones/civilizaciones-index/
/levaryck/civilizaciones/lugares-naturales/isla-de-tasman/index.{html} /levaryck/civilizaciones/lugares-naturales/isla-de-tasman/
/levaryck/civilizaciones/ciudades/planctago/index.{html} /levaryck/civilizaciones/ciudades/planctago/
/habitantes/aventureros/ennereth/index.{html} /habitantes/aventureros/ennereth/
/habitantes/aventureros/riko/index.{html} /habitantes/aventureros/riko/
/habitantes/enemigos/bosnerau/index.{html} /habitantes/enemigos/bosnerau/
/levaryck/civilizaciones/ciudades/cryrul/index.{html} /levaryck/civilizaciones/ciudades/cryrul/
/levaryck/civilizaciones/lugares-naturales/bosque-de-olea/index.{html} /levaryck/civilizaciones/lugares-naturales/bosque-de-olea/
/habitantes/aventureros/destinos/arcadio/index.{html} /habitantes/aventureros/destinos/arcadio/
/habitantes/aventureros/destinos/kastrok/index.{html} /habitantes/aventureros/destinos/kastrok/
/habitantes/maestros/arcivo/index.{html} /habitantes/maestros/arcivo/
/levaryck/civilizaciones/ciudades/samos/index.{html} /levaryck/civilizaciones/ciudades/samos/
/lore-profundo/multiverso/dreamland/index.{html} /lore-profundo/multiverso/dreamland/
/habitantes/aventureros/chad/index.{html} /habitantes/aventureros/chad/
/habitantes/aventureros/destinos/thuridan/index.{html} /habitantes/aventureros/destinos/thuridan/
/habitantes/aventureros/destinos/zhul/index.{html} /habitantes/aventureros/destinos/zhul/
/habitantes/aventureros/osarios/arthur/index.{html} /habitantes/aventureros/osarios/arthur/
/levaryck/civilizaciones/ciudades/nyoss/index.{html} /levaryck/civilizaciones/ciudades/nyoss/
/levaryck/civilizaciones/lugares-naturales/bosque-de-valris/index.{html} /levaryck/civilizaciones/lugares-naturales/bosque-de-valris/
/lore-profundo/multiverso/el-otro-umbral/index.{html} /lore-profundo/multiverso/el-otro-umbral/
/levaryck/civilizaciones/lugares-naturales/shazaar/index.{html} /levaryck/civilizaciones/lugares-naturales/shazaar/
/habitantes/aventureros/dobek/index.{html} /habitantes/aventureros/dobek/
/habitantes/aventureros/osarios/bruno/index.{html} /habitantes/aventureros/osarios/bruno/
/habitantes/enemigos/reina-kobold/index.{html} /habitantes/enemigos/reina-kobold/
/habitantes/maestros/akane/index.{html} /habitantes/maestros/akane/
/levaryck/civilizaciones/ciudades/corissia/index.{html} /levaryck/civilizaciones/ciudades/corissia/
/levaryck/civilizaciones/ciudades/molino-del-rio/index.{html} /levaryck/civilizaciones/ciudades/molino-del-rio/
/levaryck/civilizaciones/ciudades/villa-del-hambre/index.{html} /levaryck/civilizaciones/ciudades/villa-del-hambre/
/lore-profundo/multiverso/reino-oz/index.{html} /lore-profundo/multiverso/reino-oz/
/lore-profundo/multiverso/casa-corbitt/index.{html} /lore-profundo/multiverso/casa-corbitt/
/divinidades/bestias-divinas/anakwa/index.{html} /divinidades/bestias-divinas/anakwa/
/divinidades/dioses/nissa/index.{html} /divinidades/dioses/nissa/
/divinidades/semidioses/tubba-de-trompetor/index.{html} /divinidades/semidioses/tubba-de-trompetor/
/habitantes/aventureros/osarios/mateo/index.{html} /habitantes/aventureros/osarios/mateo/
/habitantes/aventureros/valish/index.{html} /habitantes/aventureros/valish/
/levaryck/civilizaciones/lugares-naturales/squere/index.{html} /levaryck/civilizaciones/lugares-naturales/squere/
/levaryck/ruinas/atlantis/index.{html} /levaryck/ruinas/atlantis/
/lore-profundo/multiverso/howalds/index.{html} /lore-profundo/multiverso/howalds/
/divinidades/bestias-divinas/berkiades/index.{html} /divinidades/bestias-divinas/berkiades/
/divinidades/semidioses/benedicta-de-skyhammer/index.{html} /divinidades/semidioses/benedicta-de-skyhammer/
/habitantes/aventureros/thardrum/index.{html} /habitantes/aventureros/thardrum/
/levaryck/civilizaciones/ciudades/jabadel/index.{html} /levaryck/civilizaciones/ciudades/jabadel/
/habitantes/aventureros/erynl/index.{html} /habitantes/aventureros/erynl/
/habitantes/aventureros/osarios/agni/index.{html} /habitantes/aventureros/osarios/agni/
/levaryck/civilizaciones/ciudades/kiewimuka/index.{html} /levaryck/civilizaciones/ciudades/kiewimuka/
/levaryck/civilizaciones/lugares-naturales/desierto-de-lajurdis/index.{html} /levaryck/civilizaciones/lugares-naturales/desierto-de-lajurdis/
/levaryck/ruinas/santuario-del-equino-del-viento/index.{html} /levaryck/ruinas/santuario-del-equino-del-viento/
/lore-profundo/multiverso/mundo-pokemon/index.{html} /lore-profundo/multiverso/mundo-pokemon/
/levaryck/construcciones/construcciones-index/index.{html} /levaryck/construcciones/construcciones-index/
/divinidades/semidioses/seraphine-de-ridance/index.{html} /divinidades/semidioses/seraphine-de-ridance/
/habitantes/aventureros/hugo/index.{html} /habitantes/aventureros/hugo/
/habitantes/enemigos/terdish/index.{html} /habitantes/enemigos/terdish/
/habitantes/forjadores/index.{html} /habitantes/forjadores/
/habitantes/otros-habitantes/herbasilio/index.{html} /habitantes/otros-habitantes/herbasilio/
/levaryck/civilizaciones/ciudades/sollemn/index.{html} /levaryck/civilizaciones/ciudades/sollemn/
/levaryck/civilizaciones/reinos/cirksena/index.{html} /levaryck/civilizaciones/reinos/cirksena/
/levaryck/civilizaciones/ciudades/biblioteca-de-sollemn/index.{html} /levaryck/civilizaciones/ciudades/biblioteca-de-sollemn/
/levaryck/civilizaciones/ciudades/gargara/index.{html} /levaryck/civilizaciones/ciudades/gargara/
/levaryck/civilizaciones/ciudades/quercus-cotiledon/index.{html} /levaryck/civilizaciones/ciudades/quercus-cotiledon/
/habitantes/enemigos/baltasar/index.{html} /habitantes/enemigos/baltasar/
/habitantes/aventureros/destinos/kaugh/index.{html} /habitantes/aventureros/destinos/kaugh/
/habitantes/sachoa/index.{html} /habitantes/sachoa/
/levaryck/civilizaciones/ciudades/moracea/index.{html} /levaryck/civilizaciones/ciudades/moracea/
/levaryck/civilizaciones/lugares-naturales/bosque-de-butawood/index.{html} /levaryck/civilizaciones/lugares-naturales/bosque-de-butawood/
/habitantes/faunales/index.{html} /habitantes/faunales/
/levaryck/civilizaciones/ciudades/luz-del-atardecer/index.{html} /levaryck/civilizaciones/ciudades/luz-del-atardecer/
/divinidades/dioses/sola/index.{html} /divinidades/dioses/sola/
/habitantes/aventureros/destinos/tyranissh/index.{html} /habitantes/aventureros/destinos/tyranissh/
/levaryck/civilizaciones/reinos/traseiro/isla-tanga/index.{html} /levaryck/civilizaciones/reinos/traseiro/isla-tanga/
/levaryck/construcciones/cuencaferrea/index.{html} /levaryck/construcciones/cuencaferrea/
/lore-profundo/multiverso/serenity/index.{html} /lore-profundo/multiverso/serenity/
/divinidades/dioses/shar/index.{html} /divinidades/dioses/shar/
/habitantes/aventureros/ofie/index.{html} /habitantes/aventureros/ofie/
/habitantes/azazel/index.{html} /habitantes/azazel/
/habitantes/maestros/ashana/index.{html} /habitantes/maestros/ashana/
/levaryck/civilizaciones/ciudades/gablin/index.{html} /levaryck/civilizaciones/ciudades/gablin/
/levaryck/civilizaciones/ciudades/primer-albor/index.{html} /levaryck/civilizaciones/ciudades/primer-albor/
/levaryck/civilizaciones/lugares-naturales/pantano-de-berzog/index.{html} /levaryck/civilizaciones/lugares-naturales/pantano-de-berzog/
/lore-profundo/multiverso/inglaterra/index.{html} /lore-profundo/multiverso/inglaterra/
/divinidades/demonios/cromulo/index.{html} /divinidades/demonios/cromulo/
/divinidades/semidioses/semidioses-index/index.{html} /divinidades/semidioses/semidioses-index/
/habitantes/ascendidos/index.{html} /habitantes/ascendidos/
/habitantes/aventureros/destinos/gorrion/index.{html} /habitantes/aventureros/destinos/gorrion/
/habitantes/aventureros/gregori/index.{html} /habitantes/aventureros/gregori/
/habitantes/otros-habitantes/gemeles-calabro/index.{html} /habitantes/otros-habitantes/gemeles-calabro/
/habitantes/otros-habitantes/portos/index.{html} /habitantes/otros-habitantes/portos/
/divinidades/bestias-divinas/tarrasca/index.{html} /divinidades/bestias-divinas/tarrasca/
/divinidades/dioses/pristina/index.{html} /divinidades/dioses/pristina/
/habitantes/aventureros/arius/index.{html} /habitantes/aventureros/arius/
/levaryck/civilizaciones/ciudades/galadar/index.{html} /levaryck/civilizaciones/ciudades/galadar/
/levaryck/civilizaciones/lugares-naturales/margie-wine/index.{html} /levaryck/civilizaciones/lugares-naturales/margie-wine/
/luma/index.{html} /luma/
/habitantes/aventureros/destinos/ithornil/index.{html} /habitantes/aventureros/destinos/ithornil/
/habitantes/aventureros/osarios/denoroth/index.{html} /habitantes/aventureros/osarios/denoroth/
/habitantes/otros-habitantes/otros-habitantes-index/index.{html} /habitantes/otros-habitantes/otros-habitantes-index/
/levaryck/civilizaciones/ciudades/legados/index.{html} /levaryck/civilizaciones/ciudades/legados/
/divinidades/bestias-divinas/gartaran/index.{html} /divinidades/bestias-divinas/gartaran/
/divinidades/semidioses/sheela-de-forosa/index.{html} /divinidades/semidioses/sheela-de-forosa/
/habitantes/aventureros/lucius/index.{html} /habitantes/aventureros/lucius/
/habitantes/aventureros/osarios/piornal/index.{html} /habitantes/aventureros/osarios/piornal/
/habitantes/aventureros/runas/index.{html} /habitantes/aventureros/runas/
/habitantes/aventureros/vedyl/index.{html} /habitantes/aventureros/vedyl/
/levaryck/civilizaciones/ciudades/ciudades-y-poblaciones-index/index.{html} /levaryck/civilizaciones/ciudades/ciudades-y-poblaciones-index/
/levaryck/civilizaciones/ciudades/nueva-yesca/index.{html} /levaryck/civilizaciones/ciudades/nueva-yesca/
/levaryck/civilizaciones/lugares-naturales/grieta-cenicienta/index.{html} /levaryck/civilizaciones/lugares-naturales/grieta-cenicienta/
/levaryck/construcciones/el-observatorio/index.{html} /levaryck/construcciones/el-observatorio/
/levaryck/civilizaciones/lugares-naturales/largodesierto-de-ykrea/index.{html} /levaryck/civilizaciones/lugares-naturales/largodesierto-de-ykrea/
/divinidades/dioses/dunaan/index.{html} /divinidades/dioses/dunaan/
/divinidades/divinidades-index/index.{html} /divinidades/divinidades-index/
/divinidades/semidioses/hosemin-rey/index.{html} /divinidades/semidioses/hosemin-rey/
/habitantes/aventureros/hang/index.{html} /habitantes/aventureros/hang/
/habitantes/enemigos/corruptor/index.{html} /habitantes/enemigos/corruptor/
/habitantes/maestros/gurfid/index.{html} /habitantes/maestros/gurfid/
/habitantes/maestros/ylia/index.{html} /habitantes/maestros/ylia/
/levaryck/civilizaciones/reinos/micenos/index.{html} /levaryck/civilizaciones/reinos/micenos/
/lore-profundo/historia-levaryck/index.{html} /lore-profundo/historia-levaryck/
/levaryck/civilizaciones/ciudades/ultimo-pueblo/index.{html} /levaryck/civilizaciones/ciudades/ultimo-pueblo/
/levaryck/civilizaciones/lugares-naturales/desierto-de-abania/index.{html} /levaryck/civilizaciones/lugares-naturales/desierto-de-abania/
/levaryck/civilizaciones/reinos/gaia/index.{html} /levaryck/civilizaciones/reinos/gaia/
/lore-profundo/multiverso/thra/index.{html} /lore-profundo/multiverso/thra/
/habitantes/aventureros/osarios/jacaranda/index.{html} /habitantes/aventureros/osarios/jacaranda/
/habitantes/aventureros/sato/index.{html} /habitantes/aventureros/sato/
/levaryck/civilizaciones/ciudades/entrerrios/index.{html} /levaryck/civilizaciones/ciudades/entrerrios/
/levaryck/civilizaciones/lugares-naturales/monte-fu/index.{html} /levaryck/civilizaciones/lugares-naturales/monte-fu/
/levaryck/civilizaciones/reinos/avalion/index.{html} /levaryck/civilizaciones/reinos/avalion/
/levaryck/construcciones/biblioteca/index.{html} /levaryck/construcciones/biblioteca/
/lore-profundo/magia/magia-index/index.{html} /lore-profundo/magia/magia-index/
/semillas-del-umbral/index.{html} /semillas-del-umbral/
/Guardianes/index.{html} /Guardianes/
/habitantes/aventureros/clim/index.{html} /habitantes/aventureros/clim/
/levaryck/civilizaciones/reinos/isla-de-mon/index.{html} /levaryck/civilizaciones/reinos/isla-de-mon/
/lore-profundo/guardianes-equilibrio/guardianes-equilibrio-index/index.{html} /lore-profundo/guardianes-equilibrio/guardianes-equilibrio-index/
/habitantes/aventureros/eileanar/index.{html} /habitantes/aventureros/eileanar/
/habitantes/aventureros/osarios/goro/index.{html} /habitantes/aventureros/osarios/goro/
/habitantes/aventureros/osarios/rey-dan-karin/index.{html} /habitantes/aventureros/osarios/rey-dan-karin/
/habitantes/aventureros/sazae/index.{html} /habitantes/aventureros/sazae/
/habitantes/maestros/kitara/index.{html} /habitantes/maestros/kitara/
/colaboracion/guia-de-colaboracion/index.{html} /colaboracion/guia-de-colaboracion/
/divinidades/dioses/la-dorada/index.{html} /divinidades/dioses/la-dorada/
/habitantes/aventureros/destinos/firio/index.{html} /habitantes/aventureros/destinos/firio/
/habitantes/aventureros/vanthiel/index.{html} /habitantes/aventureros/vanthiel/
/levaryck/ruinas/ruinas-index/index.{html} /levaryck/ruinas/ruinas-index/
/lila/index.{html} /lila/
/colaboracion/archivo-markdown/index.{html} /colaboracion/archivo-markdown/
/habitantes/aventureros/osarios/salfuman/index.{html} /habitantes/aventureros/osarios/salfuman/
/habitantes/enemigos/devoramentes/index.{html} /habitantes/enemigos/devoramentes/
/habitantes/otros-habitantes/pietro-nejota/index.{html} /habitantes/otros-habitantes/pietro-nejota/
/lore-profundo/magia/constelaciones/index.{html} /lore-profundo/magia/constelaciones/
/divinidades/bestias-divinas/atlantis-bestia/index.{html} /divinidades/bestias-divinas/atlantis-bestia/
/divinidades/dioses/dorei/index.{html} /divinidades/dioses/dorei/
/habitantes/aventureros/naekwon/index.{html} /habitantes/aventureros/naekwon/
/habitantes/aventureros/otesanek/index.{html} /habitantes/aventureros/otesanek/
/levaryck/eventos/noche-sin-luna/index.{html} /levaryck/eventos/noche-sin-luna/
/habitantes/enemigos/alta-inquisidora-vinnaverg/index.{html} /habitantes/enemigos/alta-inquisidora-vinnaverg/
/habitantes/enemigos/el-guerrero/index.{html} /habitantes/enemigos/el-guerrero/
/levaryck/eventos/la-aurora/index.{html} /levaryck/eventos/la-aurora/
/lore-profundo/reino-ensue%C3%B1o/index.{html} /lore-profundo/reino-ensue%C3%B1o/
/divinidades/dioses/diosa-que-sonrie/index.{html} /divinidades/dioses/diosa-que-sonrie/
/divinidades/dioses/namanoche/index.{html} /divinidades/dioses/namanoche/
/habitantes/enemigos/sumo-inquisidor-habriel/index.{html} /habitantes/enemigos/sumo-inquisidor-habriel/
/levaryck/civilizaciones/ciudades/arroyo/index.{html} /levaryck/civilizaciones/ciudades/arroyo/
/levaryck/civilizaciones/ciudades/villa-de-albajo/index.{html} /levaryck/civilizaciones/ciudades/villa-de-albajo/
/levaryck/ruinas/el-caldero/index.{html} /levaryck/ruinas/el-caldero/
/habitantes/enemigos/seguidora-devorador/index.{html} /habitantes/enemigos/seguidora-devorador/
/habitantes/eris/index.{html} /habitantes/eris/
/levaryck/civilizaciones/ciudades/vinnaverg/index.{html} /levaryck/civilizaciones/ciudades/vinnaverg/
/habitantes/aventureros/osarios/malenon/index.{html} /habitantes/aventureros/osarios/malenon/
/habitantes/aventureros/pipa/index.{html} /habitantes/aventureros/pipa/
/habitantes/otros-habitantes/guifre/index.{html} /habitantes/otros-habitantes/guifre/
/levaryck/civilizaciones/ciudades/hoyonegro/index.{html} /levaryck/civilizaciones/ciudades/hoyonegro/
/lore-profundo/multiverso/luthadel/index.{html} /lore-profundo/multiverso/luthadel/
/divinidades/dioses/nigurath/index.{html} /divinidades/dioses/nigurath/
/habitantes/aventureros/destinos/elaik/index.{html} /habitantes/aventureros/destinos/elaik/
/habitantes/enemigos/contempladora/index.{html} /habitantes/enemigos/contempladora/
/levaryck/civilizaciones/lugares-naturales/corte-del-verano/index.{html} /levaryck/civilizaciones/lugares-naturales/corte-del-verano/
/levaryck/civilizaciones/reinos/hosemin/index.{html} /levaryck/civilizaciones/reinos/hosemin/
/lore-profundo/guardianes-equilibrio/prision-hilos/index.{html} /lore-profundo/guardianes-equilibrio/prision-hilos/
/lore-profundo/magia/el-todo/index.{html} /lore-profundo/magia/el-todo/
/lore-profundo/lore-profundo-index/index.{html} /lore-profundo/lore-profundo-index/
/divinidades/semidioses/danaelle-de-solanza/index.{html} /divinidades/semidioses/danaelle-de-solanza/
/habitantes/aventureros/hjodiond/index.{html} /habitantes/aventureros/hjodiond/
/habitantes/maestros/rodgal/index.{html} /habitantes/maestros/rodgal/
/la-ciudadela-del-umbral/index.{html} /la-ciudadela-del-umbral/
/levaryck/construcciones/fheskala/index.{html} /levaryck/construcciones/fheskala/
/levaryck/construcciones/rompetormentas/index.{html} /levaryck/construcciones/rompetormentas/
/levaryck/civilizaciones/ciudades/villacalma/index.{html} /levaryck/civilizaciones/ciudades/villacalma/
/Cobalto/index.{html} /Cobalto/
/habitantes/aventureros/levza/index.{html} /habitantes/aventureros/levza/
/habitantes/enemigos/culto-luna-azul/index.{html} /habitantes/enemigos/culto-luna-azul/
/habitantes/enemigos/glorius-maximus/index.{html} /habitantes/enemigos/glorius-maximus/
/habitantes/maestros/gauda-von-eigner/index.{html} /habitantes/maestros/gauda-von-eigner/
/levaryck/civilizaciones/ciudades/matrilinaje-de-ekain/index.{html} /levaryck/civilizaciones/ciudades/matrilinaje-de-ekain/
/levaryck/civilizaciones/ciudades/nadem-clort/index.{html} /levaryck/civilizaciones/ciudades/nadem-clort/
/levaryck/civilizaciones/ciudades/villasustrato/index.{html} /levaryck/civilizaciones/ciudades/villasustrato/
/levaryck/civilizaciones/lugares-naturales/yrukupa/index.{html} /levaryck/civilizaciones/lugares-naturales/yrukupa/
/lore-profundo/multiverso/gaia-ff9/index.{html} /lore-profundo/multiverso/gaia-ff9/
/lore-profundo/multiverso/reinos-norte/index.{html} /lore-profundo/multiverso/reinos-norte/
/divinidades/semidioses/blancaflor-de-pellinore/index.{html} /divinidades/semidioses/blancaflor-de-pellinore/
/habitantes/aventureros/osarios/noguera/index.{html} /habitantes/aventureros/osarios/noguera/
/habitantes/aventureros/vorzharg/index.{html} /habitantes/aventureros/vorzharg/
/levaryck/civilizaciones/ciudades/aparecimientos-conocidos/index.{html} /levaryck/civilizaciones/ciudades/aparecimientos-conocidos/
/levaryck/civilizaciones/ciudades/el-pueblo/index.{html} /levaryck/civilizaciones/ciudades/el-pueblo/
/levaryck/civilizaciones/lugares-naturales/yrukap/index.{html} /levaryck/civilizaciones/lugares-naturales/yrukap/
/lore-profundo/multiverso/reino-tarr/index.{html} /lore-profundo/multiverso/reino-tarr/
/divinidades/demonios/devorador-dioses/index.{html} /divinidades/demonios/devorador-dioses/
/habitantes/aventureros/destinos/laurel/index.{html} /habitantes/aventureros/destinos/laurel/
/habitantes/maestros/tabala/index.{html} /habitantes/maestros/tabala/
/levaryck/civilizaciones/ciudades/pozar/index.{html} /levaryck/civilizaciones/ciudades/pozar/
/levaryck/civilizaciones/reinos/traseiro/traseiro-index/index.{html} /levaryck/civilizaciones/reinos/traseiro/traseiro-index/
/lore-profundo/multiverso/ragnarok/index.{html} /lore-profundo/multiverso/ragnarok/
/divinidades/bestias-divinas/bestias-divinas-index/index.{html} /divinidades/bestias-divinas/bestias-divinas-index/
/habitantes/aventureros/destinos/serp/index.{html} /habitantes/aventureros/destinos/serp/
/levaryck/construcciones/atalayas/index.{html} /levaryck/construcciones/atalayas/
/divinidades/semidioses/gloria/index.{html} /divinidades/semidioses/gloria/
/habitantes/aventureros/osarios/atanase/index.{html} /habitantes/aventureros/osarios/atanase/
/levaryck/civilizaciones/lugares-naturales/isla-de-les-nayades/index.{html} /levaryck/civilizaciones/lugares-naturales/isla-de-les-nayades/
/levaryck/construcciones/shrok/index.{html} /levaryck/construcciones/shrok/
/lore-profundo/multiverso/tierras-intermedias/index.{html} /lore-profundo/multiverso/tierras-intermedias/
